celebrity,image,class,confidence,prediction_time
pins_gal-gadot,gal-gadot7_1828,toothbrush,0.332,0.2616114616394043
pins_gal-gadot,gal-gadot130_1686,cat,0.5952,0.293020486831665
pins_gal-gadot,gal-gadot130_1686,cat,0.4323,0.293020486831665
pins_gal-gadot,gal-gadot137_1692,cat,0.4989,0.2563827037811279
pins_gal-gadot,gal-gadot128_1683,toothbrush,0.2884,0.2497882843017578
pins_gal-gadot,gal-gadot150_1705,cat,0.6805,0.2586972713470459
pins_gal-gadot,gal-gadot229_1775,toothbrush,0.3895,0.2559041976928711
pins_gal-gadot,gal-gadot220_1769,cat,0.8803,0.313777208328247
pins_gal-gadot,gal-gadot72_1831,tie,0.3948,0.2518091201782226
pins_Katherine-Langford,Katherine-Langford117_2890,toothbrush,0.4515,0.2380943298339843
pins_Katherine-Langford,Katherine-Langford27_3018,tie,0.4047,0.3420732021331787
pins_Katherine-Langford,Katherine-Langford15_2927,cell phone,0.2869,0.2465639114379882
pins_Katherine-Langford,Katherine-Langford108_2882,tie,0.4069,0.2483887672424316
pins_Katherine-Langford,Katherine-Langford96_3093,broccoli,0.4919,0.2494311332702636
pins_Katherine-Langford,Katherine-Langford175_2952,dog,0.2744,0.2522358894348144
pins_Katherine-Langford,Katherine-Langford30_3022,tie,0.4709,0.2459092140197754
pins_Katherine-Langford,Katherine-Langford25_3016,cell phone,0.3475,0.2498328685760498
pins_Katherine-Langford,Katherine-Langford157_2934,tie,0.3314,0.2546288967132568
pins_Katherine-Langford,Katherine-Langford66_3063,tie,0.2539,0.2116222381591797
pins_Katherine-Langford,Katherine-Langford243_3013,tie,0.5337,0.2630903720855713
pins_Katherine-Langford,Katherine-Langford243_3013,tie,0.339,0.2630903720855713
pins_Bill-Gates,Bill-Gates50_586,tie,0.7145,0.249079942703247
pins_Bill-Gates,Bill-Gates104_500,cat,0.4698,0.2463717460632324
pins_Bill-Gates,Bill-Gates78_606,cat,0.277,0.2484691143035888
pins_Bill-Gates,Bill-Gates176_532,sandwich,0.3166,0.2447917461395263
pins_Bill-Gates,Bill-Gates44_579,tie,0.3344,0.2573106288909912
pins_Bill-Gates,Bill-Gates80_609,donut,0.5749,0.2546150684356689
pins_Bill-Gates,Bill-Gates86_612,donut,0.3513,0.2234702110290527
pins_Bill-Gates,Bill-Gates200_546,cat,0.3054,0.2477631568908691
pins_Jake-Mcdorman,Jake-Mcdorman161_1255,cat,0.3748,0.2625942230224609
pins_Jake-Mcdorman,Jake-Mcdorman81_1358,cat,0.3068,0.2496516704559326
pins_Jake-Mcdorman,Jake-Mcdorman115_1223,cat,0.3882,0.2485609054565429
pins_Jake-Mcdorman,Jake-Mcdorman214_1282,cat,0.5628,0.2554917335510254
pins_Jake-Mcdorman,Jake-Mcdorman214_1282,frisbee,0.3161,0.2554917335510254
pins_Jake-Mcdorman,Jake-Mcdorman46_1324,cat,0.3459,0.2593529224395752
pins_Jake-Mcdorman,Jake-Mcdorman94_1366,cat,0.4729,0.2532610893249511
pins_Jake-Mcdorman,Jake-Mcdorman94_1366,cat,0.4281,0.2532610893249511
pins_Jake-Mcdorman,Jake-Mcdorman26_1306,dog,0.36,0.249793529510498
pins_Tom-Hardy,Tom-Hardy196_1294,cat,0.3973,0.2481465339660644
pins_Tom-Hardy,Tom-Hardy219_1310,dog,0.4298,0.2604811191558838
pins_Tom-Hardy,Tom-Hardy5_1357,cat,0.2966,0.2515919208526611
pins_Tom-Hardy,Tom-Hardy222_1312,dog,0.2667,0.2241861820220947
pins_Tom-Hardy,Tom-Hardy195_1290,tie,0.5224,0.2498009204864502
pins_Tom-Hardy,Tom-Hardy21_1306,cat,0.3195,0.2332479953765869
pins_Tom-Hardy,Tom-Hardy206_1302,tie,0.3208,0.2480206489562988
pins_Tom-Hardy,Tom-Hardy168_1266,dog,0.3892,0.2520508766174316
pins_Tom-Hardy,Tom-Hardy162_1258,dog,0.8147,0.2573351860046386
pins_Tom-Hardy,Tom-Hardy162_1258,couch,0.4485,0.2573351860046386
pins_Tom-Hardy,Tom-Hardy23_1320,cat,0.4346,0.254188060760498
pins_Tom-Hardy,Tom-Hardy71_1382,tie,0.7408,0.2323627471923828
pins_Tom-Hardy,Tom-Hardy167_1265,dog,0.2667,0.2471659183502197
pins_Tom-Hardy,Tom-Hardy199_1295,tie,0.7836,0.2581634521484375
pins_Tom-Hardy,Tom-Hardy216_1308,cat,0.2985,0.2463014125823974
pins_Tom-Hardy,Tom-Hardy166_1264,tie,0.2766,0.2523036003112793
pins_Tom-Hardy,Tom-Hardy140_1242,cat,0.2937,0.2602076530456543
pins_Tom-Hardy,Tom-Hardy247_1333,sports ball,0.2966,0.2544727325439453
pins_Tom-Hardy,Tom-Hardy79_1388,tie,0.7139,0.2556760311126709
pins_Tom-Hardy,Tom-Hardy189_1285,donut,0.6537,0.4233262538909912
pins_Tom-Hardy,Tom-Hardy226_1316,cat,0.4711,0.2598464488983154
pins_Tom-Hardy,Tom-Hardy195_1288,cat,0.465,0.2529876232147217
pins_Tom-Hardy,Tom-Hardy58_1365,cat,0.2695,0.2489795684814453
pins_Tom-Hardy,Tom-Hardy33_1343,cat,0.6283,0.3156654834747314
pins_Tom-Hardy,Tom-Hardy246_1332,cat,0.3676,0.2967443466186523
pins_Zendaya,Zendaya26_1876,cell phone,0.3092,0.2526907920837402
pins_Zendaya,Zendaya88_1921,tie,0.2771,0.2636778354644775
pins_Zendaya,Zendaya101_1790,tie,0.4812,0.2536132335662842
pins_Zendaya,Zendaya225_1861,frisbee,0.801,0.262606143951416
pins_Zendaya,Zendaya1_1788,hot dog,0.5525,0.2492196559906005
pins_Lili-Reinhart,Lili-Reinhart179_2764,tie,0.3702,0.253725528717041
pins_Lili-Reinhart,Lili-Reinhart184_2769,tie,0.817,0.2604050636291504
pins_Lili-Reinhart,Lili-Reinhart14_2738,toothbrush,0.4573,0.2352216243743896
pins_Lili-Reinhart,Lili-Reinhart213_2790,remote,0.2735,0.2470166683197021
pins_Lili-Reinhart,Lili-Reinhart3_2815,cell phone,0.3843,0.2646679878234863
pins_Lili-Reinhart,Lili-Reinhart157_2754,tie,0.4223,0.2564566135406494
pins_Lili-Reinhart,Lili-Reinhart109_2722,toothbrush,0.4183,0.2589015960693359
pins_Lili-Reinhart,Lili-Reinhart109_2722,toothbrush,0.3048,0.2589015960693359
pins_Lili-Reinhart,Lili-Reinhart28_2813,donut,0.3716,0.2559113502502441
pins_Sophie-Turner,Sophie-Turner230_937,tie,0.3051,0.25653076171875
pins_Sophie-Turner,Sophie-Turner25_951,cell phone,0.5844,0.2511484622955322
pins_Sophie-Turner,Sophie-Turner34_961,toothbrush,0.2954,0.2051715850830078
pins_Sophie-Turner,Sophie-Turner160_871,tie,0.2992,0.3059208393096924
pins_Sophie-Turner,Sophie-Turner45_971,toothbrush,0.2641,0.2545504570007324
pins_Robert-De-Niro,Robert-De-Niro239_749,tie,0.5005,0.2627041339874267
pins_Robert-De-Niro,Robert-De-Niro201_728,dog,0.5539,0.2571563720703125
pins_Robert-De-Niro,Robert-De-Niro118_676,dog,0.3409,0.2520904541015625
pins_Robert-De-Niro,Robert-De-Niro218_736,donut,0.674,0.2621748447418213
pins_Robert-De-Niro,Robert-De-Niro218_736,donut,0.2889,0.2621748447418213
pins_Robert-De-Niro,Robert-De-Niro36_768,tie,0.3941,0.2592978477478027
pins_Robert-De-Niro,Robert-De-Niro163_700,cell phone,0.512,0.2568113803863525
pins_Robert-De-Niro,Robert-De-Niro106_666,dog,0.6457,0.2575676441192627
pins_Robert-De-Niro,Robert-De-Niro135_686,tie,0.7319,0.2576625347137451
pins_Robert-De-Niro,Robert-De-Niro17_709,tie,0.5784,0.2523200511932373
pins_Robert-De-Niro,Robert-De-Niro184_718,cat,0.332,0.2606949806213379
pins_Robert-De-Niro,Robert-De-Niro102_663,cat,0.375,0.2591028213500976
pins_Robert-De-Niro,Robert-De-Niro122_678,tie,0.3599,0.2518670558929443
pins_Robert-De-Niro,Robert-De-Niro9_810,tie,0.5422,0.2487919330596923
pins_Robert-De-Niro,Robert-De-Niro101_662,dog,0.5592,0.258746862411499
pins_Robert-De-Niro,Robert-De-Niro53_784,sink,0.2526,0.2714231014251709
pins_barbara-palvin,barbara-palvin109_758,banana,0.444,0.2640562057495117
pins_barbara-palvin,barbara-palvin68_922,cell phone,0.2603,0.2508542537689209
pins_barbara-palvin,barbara-palvin48_907,hot dog,0.3797,0.2591893672943115
pins_barbara-palvin,barbara-palvin156_798,tie,0.2563,0.2533531188964844
pins_barbara-palvin,barbara-palvin214_852,cat,0.3153,0.246830940246582
pins_barbara-palvin,barbara-palvin10_749,toothbrush,0.3428,0.2676339149475097
pins_barbara-palvin,barbara-palvin193_830,toothbrush,0.3666,0.2019224166870117
pins_barbara-palvin,barbara-palvin27_888,tie,0.4097,0.263277530670166
pins_barbara-palvin,barbara-palvin123_768,toothbrush,0.3854,0.2262141704559326
pins_barbara-palvin,barbara-palvin176_814,teddy bear,0.3786,0.254011869430542
pins_barbara-palvin,barbara-palvin199_835,toothbrush,0.402,0.2673430442810058
pins_barbara-palvin,barbara-palvin158_800,cat,0.2599,0.2552487850189209
pins_barbara-palvin,barbara-palvin16_802,carrot,0.4369,0.2379975318908691
pins_barbara-palvin,barbara-palvin115_762,banana,0.4406,0.2615852355957031
pins_Ben-Affleck,Ben-Affleck13_138,cat,0.6968,0.2512822151184082
pins_Ben-Affleck,Ben-Affleck141_149,wine glass,0.2711,0.2473917007446289
pins_Ben-Affleck,Ben-Affleck67_231,dog,0.3942,0.2603144645690918
pins_Ben-Affleck,Ben-Affleck153_157,train,0.3435,0.2635421752929687
pins_Ben-Affleck,Ben-Affleck200_181,toothbrush,0.2539,0.2554972171783447
pins_Ben-Affleck,Ben-Affleck142_150,dog,0.2582,0.2597455978393554
pins_Ben-Affleck,Ben-Affleck16_163,wine glass,0.6437,0.254253625869751
pins_Ben-Affleck,Ben-Affleck85_236,tie,0.2641,0.2515394687652588
pins_Mark-Ruffalo,Mark-Ruffalo79_3340,frisbee,0.2579,0.2535808086395263
pins_Mark-Ruffalo,Mark-Ruffalo102_3188,dog,0.5484,0.2507703304290771
pins_Mark-Ruffalo,Mark-Ruffalo32_3303,dog,0.3675,0.2551732063293457
pins_Mark-Ruffalo,Mark-Ruffalo148_3214,cell phone,0.3085,0.2549781799316406
pins_Mark-Ruffalo,Mark-Ruffalo96_3361,cell phone,0.6415,0.262578010559082
pins_Mark-Ruffalo,Mark-Ruffalo96_3361,tie,0.2852,0.262578010559082
pins_Mark-Ruffalo,Mark-Ruffalo79_3341,frisbee,0.693,0.2527375221252441
pins_Mark-Ruffalo,Mark-Ruffalo102_3187,cat,0.4692,0.2505965232849121
pins_Mark-Ruffalo,Mark-Ruffalo249_3296,sandwich,0.2981,0.2553732395172119
pins_Mark-Ruffalo,Mark-Ruffalo0_3184,cat,0.2757,0.2514231204986572
pins_Mark-Ruffalo,Mark-Ruffalo218_3272,cat,0.3751,0.3241288661956787
pins_Mark-Ruffalo,Mark-Ruffalo142_3210,cat,0.3877,0.2865941524505615
pins_Mark-Ruffalo,Mark-Ruffalo11_3191,tie,0.3263,0.2563438415527344
pins_Mark-Ruffalo,Mark-Ruffalo33_3304,cat,0.4443,0.2718501091003418
pins_Christian-Bale,Christian-Bale172_593,cat,0.3727,0.2495584487915039
pins_Christian-Bale,Christian-Bale82_686,donut,0.3026,0.2715146541595459
pins_Christian-Bale,Christian-Bale119_556,fire hydrant,0.5455,0.2524409294128418
pins_Christian-Bale,Christian-Bale189_605,frisbee,0.2605,0.23130464553833
pins_Christian-Bale,Christian-Bale210_618,dog,0.6871,0.2674798965454101
pins_Christian-Bale,Christian-Bale76_678,dog,0.446,0.2672646045684814
pins_Christian-Bale,Christian-Bale226_628,tie,0.5284,0.2645132541656494
pins_Christian-Bale,Christian-Bale0_545,dog,0.309,0.2480881214141845
pins_Christian-Bale,Christian-Bale82_685,cat,0.2613,0.2504162788391113
pins_Christian-Bale,Christian-Bale26_644,cat,0.3855,0.2535057067871094
pins_Adriana-Lima,Adriana-Lima180_80,toothbrush,0.3734,0.2552921772003174
pins_Adriana-Lima,Adriana-Lima143_45,tie,0.2588,0.2548694610595703
pins_Adriana-Lima,Adriana-Lima218_119,bottle,0.2615,0.2607102394104004
pins_Adriana-Lima,Adriana-Lima224_125,toothbrush,0.4497,0.2690901756286621
pins_Adriana-Lima,Adriana-Lima57_177,cat,0.3037,0.262131929397583
pins_Adriana-Lima,Adriana-Lima221_123,tie,0.2572,0.2646119594573974
pins_Adriana-Lima,Adriana-Lima92_206,bottle,0.3885,0.2629423141479492
pins_Adriana-Lima,Adriana-Lima232_133,toothbrush,0.2844,0.2426788806915283
pins_Adriana-Lima,Adriana-Lima66_185,toothbrush,0.2794,0.2687466144561767
pins_Adriana-Lima,Adriana-Lima49_170,cell phone,0.3243,0.3072590827941894
pins_Adriana-Lima,Adriana-Lima106_8,scissors,0.2924,0.269118070602417
pins_Adriana-Lima,Adriana-Lima175_75,toothbrush,0.6276,0.2409396171569824
pins_Adriana-Lima,Adriana-Lima175_75,toothbrush,0.5345,0.2409396171569824
pins_Adriana-Lima,Adriana-Lima175_75,toothbrush,0.4941,0.2409396171569824
pins_Adriana-Lima,Adriana-Lima188_87,tie,0.5649,0.250939130783081
pins_Natalie-Dormer,Natalie-Dormer119_150,toothbrush,0.3243,0.252547025680542
pins_Natalie-Dormer,Natalie-Dormer217_232,toothbrush,0.4728,0.2460944652557373
pins_Natalie-Dormer,Natalie-Dormer186_202,tie,0.3425,0.257570743560791
pins_Natalie-Dormer,Natalie-Dormer41_270,tie,0.5508,0.3086671829223633
pins_Natalie-Dormer,Natalie-Dormer64_291,toothbrush,0.2872,0.2459244728088379
pins_Natalie-Dormer,Natalie-Dormer38_266,tie,0.6185,0.2564752101898193
pins_Natalie-Dormer,Natalie-Dormer93_324,tie,0.3271,0.2511303424835205
pins_Natalie-Dormer,Natalie-Dormer90_321,toothbrush,0.6114,0.2505145072937011
pins_Natalie-Dormer,Natalie-Dormer195_209,cat,0.6486,0.2545185089111328
pins_Natalie-Dormer,Natalie-Dormer29_260,tie,0.6663,0.2558293342590332
pins_Natalie-Dormer,Natalie-Dormer198_211,toothbrush,0.2506,0.2336122989654541
pins_Natalie-Dormer,Natalie-Dormer70_298,tie,0.2782,0.2628073692321777
pins_Emma-Stone,Emma-Stone57_1800,tie,0.3598,0.2582459449768066
pins_Emma-Stone,Emma-Stone102_1703,toothbrush,0.4764,0.2508811950683594
pins_Emma-Stone,Emma-Stone179_1733,tie,0.3145,0.3971748352050781
pins_Dominic-Purcell,Dominic-Purcell46_1013,fire hydrant,0.5751,0.2500388622283935
pins_Dominic-Purcell,Dominic-Purcell212_974,cell phone,0.2854,0.2618081569671631
pins_Dominic-Purcell,Dominic-Purcell199_954,sandwich,0.3501,0.2597701549530029
pins_Dominic-Purcell,Dominic-Purcell67_1025,cat,0.4712,0.2525477409362793
pins_Dominic-Purcell,Dominic-Purcell212_975,cat,0.5788,0.2554266452789306
pins_Dominic-Purcell,Dominic-Purcell113_911,wine glass,0.2658,0.2716431617736816
pins_Dominic-Purcell,Dominic-Purcell67_1024,cat,0.5618,0.2530262470245361
pins_Dominic-Purcell,Dominic-Purcell33_1004,cat,0.2831,0.250868558883667
pins_Dominic-Purcell,Dominic-Purcell46_1014,fire hydrant,0.4514,0.2712428569793701
pins_Amanda-Crew,Amanda-Crew236_62,bed,0.2573,0.271045446395874
pins_Amanda-Crew,Amanda-Crew75_101,keyboard,0.2527,0.2542812824249267
pins_Amanda-Crew,Amanda-Crew13_22,toothbrush,0.2765,0.2539553642272949
pins_Amanda-Crew,Amanda-Crew147_31,toothbrush,0.5252,0.4040524959564209
pins_Anthony-Mackie,Anthony-Mackie106_446,fire hydrant,0.4489,0.2464303970336914
pins_Anthony-Mackie,Anthony-Mackie209_503,remote,0.3522,0.2623374462127685
pins_Anthony-Mackie,Anthony-Mackie3_532,cat,0.6432,0.2503054141998291
pins_Anthony-Mackie,Anthony-Mackie208_502,tie,0.2762,0.2500827312469482
pins_Anthony-Mackie,Anthony-Mackie111_448,cell phone,0.3599,0.2548577785491943
pins_Anthony-Mackie,Anthony-Mackie176_478,cell phone,0.4077,0.3288187980651855
pins_Zoe-Saldana,Zoe-Saldana153_4915,tie,0.5537,0.2484297752380371
pins_Zoe-Saldana,Zoe-Saldana243_4992,bird,0.2563,0.2516837120056152
pins_Madelaine-Petsch,Madelaine-Petsch174_2928,cat,0.5971,0.2393295764923095
pins_Madelaine-Petsch,Madelaine-Petsch129_2888,wine glass,0.2744,0.2563602924346924
pins_Madelaine-Petsch,Madelaine-Petsch185_2935,cat,0.4773,0.2542059421539306
pins_Madelaine-Petsch,Madelaine-Petsch90_3049,cat,0.7059,0.2478804588317871
pins_Madelaine-Petsch,Madelaine-Petsch86_3040,orange,0.3713,0.2621972560882568
pins_Madelaine-Petsch,Madelaine-Petsch28_2994,toothbrush,0.7449,0.2820172309875488
pins_Madelaine-Petsch,Madelaine-Petsch225_2971,tie,0.7549,0.2572307586669922
pins_Madelaine-Petsch,Madelaine-Petsch195_2944,banana,0.3518,0.2490637302398681
pins_Madelaine-Petsch,Madelaine-Petsch25_2992,tie,0.2737,0.2547454833984375
pins_Madelaine-Petsch,Madelaine-Petsch138_2897,tie,0.2992,0.2661466598510742
pins_Morena-Baccarin,Morena-Baccarin235_2945,tie,0.3757,0.276378870010376
pins_Morena-Baccarin,Morena-Baccarin60_2989,cat,0.3255,0.2518727779388428
pins_Morena-Baccarin,Morena-Baccarin29_2956,tie,0.4559,0.3260798454284668
pins_Morena-Baccarin,Morena-Baccarin45_2974,tennis racket,0.4615,0.3903088569641113
pins_Morena-Baccarin,Morena-Baccarin45_2974,toothbrush,0.2521,0.3903088569641113
pins_Morena-Baccarin,Morena-Baccarin217_2933,toothbrush,0.4451,0.2464284896850586
pins_Morena-Baccarin,Morena-Baccarin217_2933,toothbrush,0.2986,0.2464284896850586
pins_Morena-Baccarin,Morena-Baccarin110_2861,cat,0.2923,0.2750394344329834
pins_Morena-Baccarin,Morena-Baccarin145_2888,dog,0.5006,0.2710881233215332
pins_Morena-Baccarin,Morena-Baccarin145_2888,cat,0.3585,0.2710881233215332
pins_Bobby-Morley,Bobby-Morley240_334,cat,0.3662,0.254500150680542
pins_Bobby-Morley,Bobby-Morley31_343,cat,0.6505,0.2745733261108398
pins_Bobby-Morley,Bobby-Morley2_310,dog,0.5153,0.2686352729797363
pins_Bobby-Morley,Bobby-Morley2_310,cat,0.2692,0.2686352729797363
pins_Bobby-Morley,Bobby-Morley83_379,cat,0.3116,0.2558693885803222
pins_Bobby-Morley,Bobby-Morley109_257,cat,0.3231,0.2554738521575928
pins_Bobby-Morley,Bobby-Morley102_248,cat,0.3756,0.2445170879364013
pins_Bobby-Morley,Bobby-Morley102_248,dog,0.306,0.2445170879364013
pins_Bobby-Morley,Bobby-Morley197_309,cat,0.3895,0.2475900650024414
pins_Bobby-Morley,Bobby-Morley247_337,dog,0.6526,0.2570018768310547
pins_Bobby-Morley,Bobby-Morley118_263,car,0.2759,0.2639777660369873
pins_Bobby-Morley,Bobby-Morley142_285,cat,0.7544,0.2515478134155273
pins_Bobby-Morley,Bobby-Morley217_321,dog,0.4353,0.2639706134796142
pins_Tom-Holland,Tom-Holland169_4754,toothbrush,0.32,0.25789475440979
pins_Tom-Holland,Tom-Holland12_4713,chair,0.6074,0.252312421798706
pins_Tom-Holland,Tom-Holland243_4812,cat,0.4251,0.2560455799102783
pins_Tom-Holland,Tom-Holland138_4729,donut,0.8906,0.2561328411102295
pins_Tom-Holland,Tom-Holland202_4781,toothbrush,0.2846,0.2762644290924072
pins_Tom-Holland,Tom-Holland233_4804,tie,0.3819,0.247997760772705
pins_Tom-Holland,Tom-Holland223_4797,cell phone,0.6147,0.2518126964569092
pins_Tom-Holland,Tom-Holland200_4779,cat,0.734,0.2591147422790527
pins_Tom-Holland,Tom-Holland92_4867,dog,0.4031,0.2578933238983154
pins_Tom-Holland,Tom-Holland4_4830,cat,0.2877,0.2550404071807861
pins_Tom-Holland,Tom-Holland103_4691,tie,0.5007,0.2509698867797851
pins_Tom-Holland,Tom-Holland114_4705,cat,0.3612,0.2532792091369629
pins_Tom-Holland,Tom-Holland53_4838,cat,0.7439,0.2494912147521972
pins_Tom-Holland,Tom-Holland208_4784,cat,0.2737,0.2517917156219482
pins_Tom-Holland,Tom-Holland29_4821,chair,0.2786,0.2386450767517089
pins_Pedro-Alonso,Pedro-Alonso118_2108,toothbrush,0.6828,0.2603733539581299
pins_Pedro-Alonso,Pedro-Alonso118_2108,toothbrush,0.5848,0.2603733539581299
pins_Pedro-Alonso,Pedro-Alonso249_2158,dog,0.508,0.2572991847991943
pins_Pedro-Alonso,Pedro-Alonso14_2120,tie,0.633,0.254194974899292
pins_Pedro-Alonso,Pedro-Alonso172_2134,dog,0.5235,0.2465174198150634
pins_Pedro-Alonso,Pedro-Alonso6_2189,bed,0.3222,0.254493236541748
pins_Pedro-Alonso,Pedro-Alonso117_2105,cat,0.2809,0.2674503326416015
pins_Pedro-Alonso,Pedro-Alonso66_2197,dog,0.3795,0.2465105056762695
pins_Pedro-Alonso,Pedro-Alonso108_2094,cup,0.2879,0.2515046596527099
pins_Pedro-Alonso,Pedro-Alonso58_2187,dog,0.4362,0.2741105556488037
pins_Pedro-Alonso,Pedro-Alonso6_2191,fire hydrant,0.2969,0.246284008026123
pins_Pedro-Alonso,Pedro-Alonso117_2107,cat,0.2747,0.2522244453430176
pins_Pedro-Alonso,Pedro-Alonso39_2172,cat,0.4569,0.2627110481262207
pins_Pedro-Alonso,Pedro-Alonso161_2130,cat,0.3377,0.2665765285491943
pins_Pedro-Alonso,Pedro-Alonso102_2091,cat,0.297,0.2458391189575195
pins_Pedro-Alonso,Pedro-Alonso39_2171,cat,0.3471,0.2519769668579101
pins_Pedro-Alonso,Pedro-Alonso144_2123,dog,0.2974,0.2522544860839844
pins_Pedro-Alonso,Pedro-Alonso182_2140,tie,0.3764,0.2358653545379638
pins_Rebecca-Ferguson,Rebecca-Ferguson214_425,tie,0.4377,0.2651002407073974
pins_Rebecca-Ferguson,Rebecca-Ferguson144_372,tie,0.3598,0.2651257514953613
pins_Rebecca-Ferguson,Rebecca-Ferguson73_492,toothbrush,0.389,0.2549347877502441
pins_scarlett-johansson,scarlett-johansson164_3950,cat,0.3455,0.4034342765808105
pins_scarlett-johansson,scarlett-johansson110_3892,cat,0.2549,0.2501659393310547
pins_scarlett-johansson,scarlett-johansson171_3957,toothbrush,0.2849,0.2311482429504394
pins_scarlett-johansson,scarlett-johansson80_4069,cell phone,0.2919,0.2524755001068115
pins_scarlett-johansson,scarlett-johansson16_3945,dog,0.2516,0.2509765625
pins_scarlett-johansson,scarlett-johansson108_3889,donut,0.4491,0.2532732486724853
pins_scarlett-johansson,scarlett-johansson144_3932,cat,0.2702,0.2639710903167724
pins_Rami-Malek,Rami-Malek247_3834,banana,0.2918,0.2498946189880371
pins_Rami-Malek,Rami-Malek126_3746,dog,0.3397,0.2543280124664306
pins_Rami-Malek,Rami-Malek237_3828,tie,0.2864,0.2423999309539795
pins_Nadia-Hilker,Nadia-Hilker14_30,cat,0.7147,0.2551629543304443
pins_Nadia-Hilker,Nadia-Hilker155_39,cat,0.3813,0.2482573986053466
pins_Nadia-Hilker,Nadia-Hilker12_14,dog,0.4474,0.3780126571655273
pins_Nadia-Hilker,Nadia-Hilker120_15,cat,0.4558,0.2534189224243164
pins_grant-gustin,grant-gustin147_1893,tie,0.3634,0.2557916641235351
pins_grant-gustin,grant-gustin50_1989,tie,0.305,0.2579476833343506
pins_grant-gustin,grant-gustin117_1877,tie,0.5612,0.2103996276855468
pins_grant-gustin,grant-gustin19_1927,toothbrush,0.4595,0.2655262947082519
pins_grant-gustin,grant-gustin238_1964,cell phone,0.4054,0.2489275932312011
pins_grant-gustin,grant-gustin53_1995,bottle,0.4809,0.250720739364624
pins_grant-gustin,grant-gustin221_1953,cat,0.4269,0.2678785324096679
pins_grant-gustin,grant-gustin19_1926,toothbrush,0.5895,0.2541072368621826
pins_grant-gustin,grant-gustin4_1984,tie,0.3222,0.2476692199707031
pins_grant-gustin,grant-gustin5_1988,toothbrush,0.5246,0.2521734237670898
pins_grant-gustin,grant-gustin154_1897,dog,0.2583,0.2508509159088135
pins_grant-gustin,grant-gustin76_2023,dog,0.3136,0.2573432922363281
pins_Richard-Harmon,Richard-Harmon127_524,cat,0.4937,0.2631561756134033
pins_Richard-Harmon,Richard-Harmon127_524,dog,0.3404,0.2631561756134033
pins_Richard-Harmon,Richard-Harmon49_621,cat,0.3979,0.2508471012115478
pins_Richard-Harmon,Richard-Harmon25_604,cat,0.6652,0.2471261024475097
pins_Richard-Harmon,Richard-Harmon128_526,cat,0.5192,0.2501397132873535
pins_Richard-Harmon,Richard-Harmon246_601,toothbrush,0.2898,0.2360336780548095
pins_Richard-Harmon,Richard-Harmon71_639,tie,0.4472,0.2569608688354492
pins_Richard-Harmon,Richard-Harmon31_608,bottle,0.6684,0.2586767673492431
pins_Richard-Harmon,Richard-Harmon31_608,bottle,0.5187,0.2586767673492431
pins_Richard-Harmon,Richard-Harmon31_608,bottle,0.4362,0.2586767673492431
pins_Richard-Harmon,Richard-Harmon31_608,bottle,0.4178,0.2586767673492431
pins_Richard-Harmon,Richard-Harmon31_608,bottle,0.3904,0.2586767673492431
pins_Richard-Harmon,Richard-Harmon31_608,bottle,0.2835,0.2586767673492431
pins_Richard-Harmon,Richard-Harmon204_573,umbrella,0.2629,0.2455832958221435
pins_Richard-Harmon,Richard-Harmon36_612,cat,0.3388,0.3813169002532959
pins_Richard-Harmon,Richard-Harmon73_641,cell phone,0.2967,0.2510261535644531
pins_Richard-Harmon,Richard-Harmon11_515,cat,0.3805,0.2476656436920166
pins_Maisie-Williams,Maisie-Williams111_2506,cat,0.2708,0.2476735115051269
pins_Maisie-Williams,Maisie-Williams161_2552,hot dog,0.2735,0.2556166648864746
pins_Maisie-Williams,Maisie-Williams161_2552,donut,0.2566,0.2556166648864746
pins_Maisie-Williams,Maisie-Williams193_2577,tennis racket,0.406,0.2619037628173828
pins_Maisie-Williams,Maisie-Williams149_2538,tie,0.4002,0.3031082153320312
pins_Maisie-Williams,Maisie-Williams248_2625,cat,0.4645,0.2568295001983642
pins_Maisie-Williams,Maisie-Williams0_2492,cat,0.3392,0.2514781951904297
pins_Maisie-Williams,Maisie-Williams105_2500,cat,0.6851,0.2599542140960693
pins_Maisie-Williams,Maisie-Williams105_2500,dog,0.2594,0.2599542140960693
pins_Maisie-Williams,Maisie-Williams12_2515,tie,0.4015,0.2530229091644287
pins_Maisie-Williams,Maisie-Williams138_2530,cat,0.2524,0.273878812789917
pins_Shakira-Isabel-Mebarak,Shakira-Isabel-Mebarak163_44,apple,0.317,0.2395250797271728
pins_Shakira-Isabel-Mebarak,Shakira-Isabel-Mebarak129_20,cat,0.2929,0.2523772716522217
pins_Shakira-Isabel-Mebarak,Shakira-Isabel-Mebarak49_120,toothbrush,0.3185,0.2497961521148681
pins_Shakira-Isabel-Mebarak,Shakira-Isabel-Mebarak78_144,tie,0.4162,0.249072790145874
pins_Jessica-Barden,Jessica-Barden139_1405,chair,0.4224,0.2531883716583252
pins_Jessica-Barden,Jessica-Barden139_1405,chair,0.2636,0.2531883716583252
pins_Jessica-Barden,Jessica-Barden15_1422,cell phone,0.4111,0.2501487731933594
pins_Jessica-Barden,Jessica-Barden65_1492,banana,0.4003,0.2507195472717285
pins_Jessica-Barden,Jessica-Barden125_1397,tie,0.3972,0.2276875972747802
pins_Jessica-Barden,Jessica-Barden92_1509,bottle,0.4888,0.2532787322998047
pins_Jessica-Barden,Jessica-Barden166_1427,banana,0.3235,0.2541394233703613
pins_Taylor-Swift,Taylor-Swift50_4648,bottle,0.3554,0.2458844184875488
pins_Taylor-Swift,Taylor-Swift237_4629,cat,0.4063,0.2588844299316406
pins_Taylor-Swift,Taylor-Swift122_4564,cat,0.4078,0.250650405883789
pins_Taylor-Swift,Taylor-Swift233_4628,toothbrush,0.2565,0.2503628730773926
pins_Taylor-Swift,Taylor-Swift245_4633,dog,0.4734,0.2505438327789306
pins_Taylor-Swift,Taylor-Swift245_4633,cat,0.3693,0.2505438327789306
pins_Taylor-Swift,Taylor-Swift204_4614,tie,0.479,0.2653524875640869
pins_Taylor-Swift,Taylor-Swift49_4647,toothbrush,0.4814,0.2245790958404541
pins_Taylor-Swift,Taylor-Swift150_4575,cell phone,0.6698,0.2571339607238769
pins_Taylor-Swift,Taylor-Swift81_4667,cell phone,0.7004,0.26076340675354
pins_Taylor-Swift,Taylor-Swift129_4568,cat,0.3728,0.2508549690246582
pins_Taylor-Swift,Taylor-Swift212_4617,tie,0.5584,0.2508199214935303
pins_Taylor-Swift,Taylor-Swift212_4617,cat,0.2928,0.2508199214935303
pins_Taylor-Swift,Taylor-Swift158_4579,cat,0.2551,0.2607645988464355
pins_Taylor-Swift,Taylor-Swift91_4678,keyboard,0.456,0.2406892776489257
pins_Maria-Pedraza,Maria-Pedraza235_1935,cell phone,0.8865,0.251617431640625
pins_Maria-Pedraza,Maria-Pedraza11_1874,toothbrush,0.3539,0.2631163597106933
pins_Maria-Pedraza,Maria-Pedraza162_1897,banana,0.299,0.2526872158050537
pins_Maria-Pedraza,Maria-Pedraza187_1912,tie,0.6596,0.2600181102752685
pins_Maria-Pedraza,Maria-Pedraza37_1953,cell phone,0.8748,0.2632842063903808
pins_Maria-Pedraza,Maria-Pedraza188_1913,pizza,0.2661,0.254551887512207
pins_Maria-Pedraza,Maria-Pedraza149_1894,frisbee,0.3029,0.2495739459991455
pins_Maria-Pedraza,Maria-Pedraza146_1892,cat,0.4567,0.2516412734985351
pins_Maria-Pedraza,Maria-Pedraza124_1880,tie,0.3537,0.2631056308746338
pins_Megan-Fox,Megan-Fox18_3442,donut,0.3498,0.2530674934387207
pins_Megan-Fox,Megan-Fox189_3451,broccoli,0.3366,0.2486786842346191
pins_Megan-Fox,Megan-Fox57_3535,apple,0.3342,0.2656145095825195
pins_Megan-Fox,Megan-Fox42_3520,toothbrush,0.2587,0.2441606521606445
pins_Megan-Fox,Megan-Fox170_3434,toothbrush,0.3701,0.2520639896392822
pins_Marie-Avgeropoulos,Marie-Avgeropoulos83_2838,tie,0.3422,0.2504069805145263
pins_Marie-Avgeropoulos,Marie-Avgeropoulos140_2722,cat,0.2695,0.2533185482025146
pins_Marie-Avgeropoulos,Marie-Avgeropoulos29_2800,donut,0.3312,0.2595734596252441
pins_Marie-Avgeropoulos,Marie-Avgeropoulos1_2688,tie,0.2682,0.250246524810791
pins_Marie-Avgeropoulos,Marie-Avgeropoulos28_2799,tie,0.273,0.256577730178833
pins_Marie-Avgeropoulos,Marie-Avgeropoulos187_2754,cat,0.3026,0.2528831958770752
pins_Marie-Avgeropoulos,Marie-Avgeropoulos174_2747,tie,0.3652,0.2492854595184326
pins_Marie-Avgeropoulos,Marie-Avgeropoulos77_2835,toothbrush,0.323,0.271683931350708
pins_Emma-Watson,Emma-Watson248_1981,cat,0.3102,0.2539408206939697
pins_Emma-Watson,Emma-Watson58_2010,tie,0.3772,0.2581925392150879
pins_Emma-Watson,Emma-Watson58_2010,tie,0.2688,0.2581925392150879
pins_Emma-Watson,Emma-Watson54_2008,toothbrush,0.4413,0.25630784034729
pins_Emma-Watson,Emma-Watson179_1917,banana,0.4369,0.2562148571014404
pins_Emma-Watson,Emma-Watson179_1917,apple,0.3045,0.2562148571014404
pins_Emma-Watson,Emma-Watson150_1882,cat,0.4268,0.2522265911102295
pins_Emma-Watson,Emma-Watson65_2018,cat,0.3179,0.2520744800567627
pins_Emma-Watson,Emma-Watson157_1894,banana,0.2937,0.2505888938903808
pins_Emma-Watson,Emma-Watson69_2023,tie,0.5145,0.2650861740112304
pins_Emma-Watson,Emma-Watson17_1908,cat,0.3635,0.2488305568695068
pins_Emma-Watson,Emma-Watson248_1982,cat,0.4411,0.2538282871246338
pins_Emma-Watson,Emma-Watson87_2040,cat,0.7539,0.3454170227050781
pins_margot-robbie,margot-robbie127_3091,cat,0.3532,0.2567129135131836
pins_margot-robbie,margot-robbie69_3249,toothbrush,0.3552,0.2632865905761719
pins_margot-robbie,margot-robbie120_3081,cat,0.2716,0.2577948570251465
pins_margot-robbie,margot-robbie190_3153,cat,0.4767,0.251220703125
pins_margot-robbie,margot-robbie171_3136,cat,0.5544,0.2520737648010254
pins_margot-robbie,margot-robbie156_3120,toothbrush,0.2902,0.2621912956237793
pins_margot-robbie,margot-robbie184_3148,wine glass,0.4446,0.2602450847625732
pins_Tom-Cruise,Tom-Cruise15_1065,dog,0.3389,0.209735631942749
pins_Tom-Cruise,Tom-Cruise147_1062,cat,0.5323,0.2807755470275879
pins_Tom-Cruise,Tom-Cruise129_1049,tie,0.3745,0.2627186775207519
pins_Tom-Cruise,Tom-Cruise114_1037,dog,0.6183,0.258021593093872
pins_Tom-Cruise,Tom-Cruise55_1174,tie,0.2661,0.2586691379547119
pins_Tom-Cruise,Tom-Cruise86_1201,cat,0.2851,0.279651403427124
pins_Tom-Cruise,Tom-Cruise101_1025,tie,0.257,0.2519748210906982
pins_Tom-Cruise,Tom-Cruise101_1025,tie,0.2531,0.2519748210906982
pins_Tom-Cruise,Tom-Cruise131_1051,tie,0.4972,0.2607409954071045
pins_Tom-Cruise,Tom-Cruise210_1113,cat,0.4303,0.2628591060638428
pins_Tom-Cruise,Tom-Cruise191_1098,donut,0.3211,0.2506484985351562
pins_Tom-Cruise,Tom-Cruise1_1022,hot dog,0.3774,0.2583575248718261
pins_Tom-Cruise,Tom-Cruise1_1022,donut,0.3372,0.2583575248718261
pins_Tom-Cruise,Tom-Cruise164_1077,pizza,0.4727,0.2385132312774658
pins_Tom-Cruise,Tom-Cruise146_1061,dog,0.2627,0.2686409950256347
pins_Tom-Cruise,Tom-Cruise72_1186,donut,0.4575,0.2571303844451904
pins_Tom-Cruise,Tom-Cruise225_1130,dog,0.4557,0.2563204765319824
pins_Tom-Cruise,Tom-Cruise56_1175,donut,0.339,0.2736051082611084
pins_Gwyneth-Paltrow,Gwyneth-Paltrow198_2146,toothbrush,0.763,0.3086016178131103
pins_Gwyneth-Paltrow,Gwyneth-Paltrow125_2081,cat,0.4989,0.252410888671875
pins_Gwyneth-Paltrow,Gwyneth-Paltrow228_2171,cat,0.4643,0.2637195587158203
pins_Gwyneth-Paltrow,Gwyneth-Paltrow11_2067,toothbrush,0.3711,0.2447483539581298
pins_Gwyneth-Paltrow,Gwyneth-Paltrow118_2075,tie,0.3826,0.2621808052062988
pins_Gwyneth-Paltrow,Gwyneth-Paltrow118_2075,tie,0.2747,0.2621808052062988
pins_Gwyneth-Paltrow,Gwyneth-Paltrow188_2137,tie,0.4018,0.2522337436676025
pins_Robert-Downey-Jr,Robert-Downey-Jr108_4089,chair,0.3928,0.2589349746704101
pins_Robert-Downey-Jr,Robert-Downey-Jr86_4307,bed,0.2905,0.2556490898132324
pins_Robert-Downey-Jr,Robert-Downey-Jr65_4292,tie,0.456,0.2634880542755127
pins_Robert-Downey-Jr,Robert-Downey-Jr135_4109,cat,0.3538,0.2611589431762695
pins_Robert-Downey-Jr,Robert-Downey-Jr236_4246,dog,0.7485,0.2004709243774414
pins_Robert-Downey-Jr,Robert-Downey-Jr119_4097,donut,0.367,0.2624392509460449
pins_Robert-Downey-Jr,Robert-Downey-Jr199_4191,chair,0.354,0.2614293098449707
pins_Robert-Downey-Jr,Robert-Downey-Jr232_4242,tie,0.2531,0.2714612483978271
pins_Robert-Downey-Jr,Robert-Downey-Jr69_4296,dog,0.3114,0.2505145072937011
pins_Robert-Downey-Jr,Robert-Downey-Jr225_4214,cell phone,0.3431,0.2515058517456054
pins_Robert-Downey-Jr,Robert-Downey-Jr30_4267,dog,0.2593,0.2457144260406494
pins_Robert-Downey-Jr,Robert-Downey-Jr3_4266,tie,0.305,0.2508111000061035
pins_Robert-Downey-Jr,Robert-Downey-Jr3_4266,tie,0.2992,0.2508111000061035
pins_Robert-Downey-Jr,Robert-Downey-Jr137_4112,keyboard,0.2639,0.247643232345581
pins_Robert-Downey-Jr,Robert-Downey-Jr168_4163,donut,0.7178,0.2806332111358642
pins_Robert-Downey-Jr,Robert-Downey-Jr212_4204,cell phone,0.2998,0.2530865669250488
pins_Sarah-Wayne-Callies,Sarah-Wayne-Callies7_2519,tie,0.4155,0.2498233318328857
pins_Sarah-Wayne-Callies,Sarah-Wayne-Callies238_2476,apple,0.5192,0.2601497173309326
pins_Sarah-Wayne-Callies,Sarah-Wayne-Callies166_2433,toothbrush,0.3248,0.2634201049804687
pins_Sarah-Wayne-Callies,Sarah-Wayne-Callies93_2539,umbrella,0.3705,0.2689244747161865
pins_Sarah-Wayne-Callies,Sarah-Wayne-Callies22_2466,cat,0.5832,0.2993102073669433
pins_Neil-Patrick-Harris,Neil-Patrick-Harris23_3682,cat,0.2652,0.2554991245269775
pins_Neil-Patrick-Harris,Neil-Patrick-Harris157_3642,cat,0.3306,0.2524585723876953
pins_Neil-Patrick-Harris,Neil-Patrick-Harris28_3691,tie,0.5235,0.2641761302947998
pins_Neil-Patrick-Harris,Neil-Patrick-Harris6_3701,cat,0.3253,0.2561478614807129
pins_Neil-Patrick-Harris,Neil-Patrick-Harris146_3636,cat,0.6806,0.2577812671661377
pins_Neil-Patrick-Harris,Neil-Patrick-Harris11_3609,cat,0.3836,0.2594122886657715
pins_Neil-Patrick-Harris,Neil-Patrick-Harris188_3662,car,0.2563,0.2573931217193603
pins_Neil-Patrick-Harris,Neil-Patrick-Harris13_3618,cat,0.3589,0.2488014698028564
pins_Lionel-Messi,Lionel-Messi47_3159,bottle,0.3202,0.2629644870758056
pins_Lionel-Messi,Lionel-Messi90_3181,banana,0.2583,0.2525644302368164
pins_Lionel-Messi,Lionel-Messi61_3167,pizza,0.2678,0.2720091342926025
pins_Lionel-Messi,Lionel-Messi161_3114,cat,0.5073,0.2522594928741455
pins_Lionel-Messi,Lionel-Messi56_3165,dining table,0.3009,0.2525062561035156
pins_Lionel-Messi,Lionel-Messi145_3109,cat,0.3217,0.2469866275787353
pins_Brenton-Thwaites,Brenton-Thwaites74_913,cat,0.3344,0.2507722377777099
pins_Brenton-Thwaites,Brenton-Thwaites37_877,cat,0.3347,0.2744739055633545
pins_Brenton-Thwaites,Brenton-Thwaites184_806,cat,0.7465,0.253636360168457
pins_Brenton-Thwaites,Brenton-Thwaites116_746,cat,0.5734,0.2645282745361328
pins_Brenton-Thwaites,Brenton-Thwaites13_759,cat,0.3388,0.2509150505065918
pins_Brenton-Thwaites,Brenton-Thwaites43_882,cat,0.2574,0.2662744522094726
pins_Brenton-Thwaites,Brenton-Thwaites224_848,toothbrush,0.6268,0.255535364151001
pins_Brenton-Thwaites,Brenton-Thwaites119_748,cat,0.4812,0.2573890686035156
pins_Brenton-Thwaites,Brenton-Thwaites114_744,cat,0.3376,0.2537720203399658
pins_Brenton-Thwaites,Brenton-Thwaites106_737,banana,0.3419,0.2518002986907959
pins_Brenton-Thwaites,Brenton-Thwaites106_737,banana,0.2734,0.2518002986907959
pins_Brenton-Thwaites,Brenton-Thwaites126_754,fire hydrant,0.2946,0.2490777969360351
pins_Brenton-Thwaites,Brenton-Thwaites235_857,cat,0.3533,0.2624576091766357
pins_Brenton-Thwaites,Brenton-Thwaites21_830,tie,0.5616,0.2549054622650146
pins_Brenton-Thwaites,Brenton-Thwaites124_752,zebra,0.3253,0.2541525363922119
pins_Wentworth-Miller,Wentworth-Miller52_145,cat,0.3788,0.2581126689910888
pins_Wentworth-Miller,Wentworth-Miller203_93,cat,0.7994,0.247072696685791
pins_Wentworth-Miller,Wentworth-Miller8_168,tie,0.281,0.2696876525878906
pins_Wentworth-Miller,Wentworth-Miller199_86,bottle,0.3251,0.2623288631439209
pins_Wentworth-Miller,Wentworth-Miller199_86,bottle,0.2539,0.2623288631439209
pins_Wentworth-Miller,Wentworth-Miller205_95,bottle,0.5537,0.3973803520202636
pins_Wentworth-Miller,Wentworth-Miller228_110,tie,0.4288,0.2631282806396484
pins_Wentworth-Miller,Wentworth-Miller72_162,tie,0.7283,0.2641727924346924
pins_Wentworth-Miller,Wentworth-Miller74_165,cat,0.4637,0.2620034217834472
pins_Wentworth-Miller,Wentworth-Miller4_135,bottle,0.255,0.2615063190460205
pins_Wentworth-Miller,Wentworth-Miller138_38,bed,0.5728,0.2524456977844238
pins_Wentworth-Miller,Wentworth-Miller182_74,vase,0.3297,0.2502334117889404
pins_Krysten-Ritter,Krysten-Ritter98_1864,tie,0.4335,0.2549829483032226
pins_Alvaro-Morte,Alvaro-Morte53_256,donut,0.4664,0.2466664314270019
pins_Alvaro-Morte,Alvaro-Morte78_273,cat,0.4071,0.2495558261871338
pins_Alvaro-Morte,Alvaro-Morte35_243,cat,0.3311,0.2687454223632812
pins_Alvaro-Morte,Alvaro-Morte131_172,cat,0.3416,0.2884647846221924
pins_Alvaro-Morte,Alvaro-Morte68_265,cell phone,0.5901,0.2552597522735595
pins_Alvaro-Morte,Alvaro-Morte148_184,cat,0.6135,0.2506077289581299
pins_Alvaro-Morte,Alvaro-Morte85_277,tie,0.4456,0.2466661930084228
pins_Chris-Evans,Chris-Evans27_1203,cat,0.6912,0.2605857849121094
pins_Chris-Evans,Chris-Evans186_1165,cat,0.4537,0.252906322479248
pins_Chris-Evans,Chris-Evans186_1164,cat,0.329,0.253244400024414
pins_Chris-Evans,Chris-Evans130_1132,toothbrush,0.3287,0.2489805221557617
pins_Chris-Evans,Chris-Evans10_1110,toothbrush,0.5428,0.253800630569458
pins_Chris-Evans,Chris-Evans201_1174,cat,0.5338,0.2564008235931396
pins_Chris-Evans,Chris-Evans162_1144,dog,0.2985,0.1907839775085449
pins_Chris-Evans,Chris-Evans82_1262,cat,0.5216,0.2485842704772949
pins_Chris-Evans,Chris-Evans174_1154,cat,0.3013,0.2504470348358154
pins_Chris-Evans,Chris-Evans168_1149,cat,0.3797,0.2561211585998535
pins_Chris-Evans,Chris-Evans168_1149,cat,0.3337,0.2561211585998535
pins_Chris-Evans,Chris-Evans162_1143,dog,0.3904,0.2847259044647217
pins_jeff-bezos,jeff-bezos54_2130,tie,0.4075,0.2541439533233642
pins_jeff-bezos,jeff-bezos237_2104,tie,0.4628,0.250270128250122
pins_jeff-bezos,jeff-bezos58_2131,remote,0.3144,0.2670323848724365
pins_jeff-bezos,jeff-bezos58_2131,remote,0.2764,0.2670323848724365
pins_Eliza-Taylor,Eliza-Taylor125_715,cat,0.272,0.2529582977294922
pins_Eliza-Taylor,Eliza-Taylor9_856,toothbrush,0.5646,0.2658281326293945
pins_Eliza-Taylor,Eliza-Taylor33_823,tie,0.2956,0.2555708885192871
pins_Eliza-Taylor,Eliza-Taylor226_793,tie,0.6577,0.2599411010742187
pins_Eliza-Taylor,Eliza-Taylor226_793,tie,0.269,0.2599411010742187
pins_Eliza-Taylor,Eliza-Taylor118_710,pizza,0.6177,0.2514352798461914
pins_Eliza-Taylor,Eliza-Taylor202_775,bear,0.4936,0.2558870315551758
pins_Eliza-Taylor,Eliza-Taylor172_752,cat,0.6145,0.2561352252960205
pins_Eliza-Taylor,Eliza-Taylor153_737,cat,0.3216,0.2482750415802002
pins_Irina-Shayk,Irina-Shayk148_2284,apple,0.2838,0.2675743103027344
pins_Irina-Shayk,Irina-Shayk148_2284,apple,0.2719,0.2675743103027344
pins_Irina-Shayk,Irina-Shayk242_2338,tie,0.3185,0.252845287322998
pins_Irina-Shayk,Irina-Shayk31_2347,wine glass,0.6921,0.245229959487915
pins_Cristiano-Ronaldo,Cristiano-Ronaldo35_1348,giraffe,0.6033,0.2364749908447265
pins_Cristiano-Ronaldo,Cristiano-Ronaldo119_1284,car,0.282,0.2010331153869629
pins_Cristiano-Ronaldo,Cristiano-Ronaldo242_1338,cat,0.2854,0.2597153186798095
pins_Tuppence-Middleton,Tuppence-Middleton95_2675,cat,0.2983,0.2469015121459961
pins_Tuppence-Middleton,Tuppence-Middleton205_2609,toothbrush,0.6039,0.2609450817108154
pins_Tuppence-Middleton,Tuppence-Middleton177_2597,cat,0.6988,0.2525017261505127
pins_Millie-Bobby-Brown,Millie-Bobby-Brown51_3917,tie,0.5671,0.2489573955535888
pins_Millie-Bobby-Brown,Millie-Bobby-Brown82_3940,tie,0.4204,0.2580585479736328
pins_Millie-Bobby-Brown,Millie-Bobby-Brown5_3915,cell phone,0.3811,0.2508935928344726
pins_Millie-Bobby-Brown,Millie-Bobby-Brown170_3821,tie,0.4847,0.2333335876464843
pins_Millie-Bobby-Brown,Millie-Bobby-Brown155_3808,cup,0.627,0.1936182975769043
pins_Millie-Bobby-Brown,Millie-Bobby-Brown195_3839,car,0.2664,0.253293514251709
pins_Millie-Bobby-Brown,Millie-Bobby-Brown226_3865,cat,0.393,0.250218391418457
pins_Millie-Bobby-Brown,Millie-Bobby-Brown165_3815,donut,0.3152,0.1918179988861084
pins_Millie-Bobby-Brown,Millie-Bobby-Brown36_3902,broccoli,0.5579,0.2531037330627441
pins_Leonardo-DiCaprio,Leonardo-DiCaprio172_2532,cat,0.4963,0.2311995029449463
pins_Leonardo-DiCaprio,Leonardo-DiCaprio172_2532,dog,0.3444,0.2311995029449463
pins_Leonardo-DiCaprio,Leonardo-DiCaprio160_2523,cat,0.2755,0.2497010231018066
pins_Leonardo-DiCaprio,Leonardo-DiCaprio172_2531,cat,0.3476,0.2608475685119629
pins_Leonardo-DiCaprio,Leonardo-DiCaprio249_2604,cat,0.4252,0.2569396495819092
pins_Leonardo-DiCaprio,Leonardo-DiCaprio249_2607,cat,0.4859,0.2530469894409179
pins_Leonardo-DiCaprio,Leonardo-DiCaprio249_2608,dog,0.3015,0.2501823902130127
pins_Leonardo-DiCaprio,Leonardo-DiCaprio92_2706,cat,0.606,0.2467930316925048
pins_Leonardo-DiCaprio,Leonardo-DiCaprio68_2661,cat,0.5396,0.2511746883392334
pins_Leonardo-DiCaprio,Leonardo-DiCaprio249_2601,cat,0.3055,0.2470593452453613
pins_Leonardo-DiCaprio,Leonardo-DiCaprio169_2527,dog,0.4685,0.2520909309387207
pins_Leonardo-DiCaprio,Leonardo-DiCaprio245_2599,cat,0.2944,0.2687022686004638
pins_Leonardo-DiCaprio,Leonardo-DiCaprio115_2487,cat,0.4895,0.2492856979370117
pins_Leonardo-DiCaprio,Leonardo-DiCaprio115_2487,dog,0.2923,0.2492856979370117
pins_Leonardo-DiCaprio,Leonardo-DiCaprio59_2647,cat,0.2862,0.2468066215515136
pins_Leonardo-DiCaprio,Leonardo-DiCaprio172_2534,cat,0.4987,0.2513778209686279
pins_Leonardo-DiCaprio,Leonardo-DiCaprio59_2646,keyboard,0.568,0.1990213394165039
pins_Leonardo-DiCaprio,Leonardo-DiCaprio249_2606,cat,0.5106,0.251946210861206
pins_Leonardo-DiCaprio,Leonardo-DiCaprio36_2620,cat,0.2588,0.2566087245941162
pins_Leonardo-DiCaprio,Leonardo-DiCaprio57_2637,toothbrush,0.3517,0.2602665424346924
pins_Leonardo-DiCaprio,Leonardo-DiCaprio142_2509,cat,0.735,0.2466099262237548
pins_Leonardo-DiCaprio,Leonardo-DiCaprio249_2602,cat,0.4968,0.2628002166748047
pins_Jimmy-Fallon,Jimmy-Fallon1_2758,dog,0.623,0.2648918628692627
pins_Jimmy-Fallon,Jimmy-Fallon50_2846,tie,0.6814,0.2984213829040527
pins_Jimmy-Fallon,Jimmy-Fallon93_2866,cat,0.3716,0.2662041187286377
pins_Jimmy-Fallon,Jimmy-Fallon179_2808,tie,0.3325,0.248584508895874
pins_Jimmy-Fallon,Jimmy-Fallon243_2836,tie,0.4604,0.2649054527282715
pins_Jimmy-Fallon,Jimmy-Fallon103_2760,tie,0.7959,0.2492268085479736
pins_Jimmy-Fallon,Jimmy-Fallon194_2818,cat,0.3438,0.2505195140838623
pins_Jimmy-Fallon,Jimmy-Fallon17_2799,tie,0.7981,0.2447206974029541
pins_Jimmy-Fallon,Jimmy-Fallon46_2844,tie,0.4766,0.254427433013916
pins_Jimmy-Fallon,Jimmy-Fallon208_2823,tie,0.501,0.2509009838104248
pins_Jimmy-Fallon,Jimmy-Fallon160_2792,tie,0.5619,0.2500808238983154
pins_Jimmy-Fallon,Jimmy-Fallon197_2819,tie,0.7219,0.2504289150238037
pins_Jennifer-Lawrence,Jennifer-Lawrence103_1584,tie,0.2807,0.2576003074645996
pins_Miley-Cyrus,Miley-Cyrus143_3626,toothbrush,0.2657,0.2635459899902344
pins_Miley-Cyrus,Miley-Cyrus150_3632,tie,0.6691,0.2549498081207275
pins_Miley-Cyrus,Miley-Cyrus150_3632,tie,0.2829,0.2549498081207275
pins_Miley-Cyrus,Miley-Cyrus150_3631,tie,0.3489,0.251178503036499
pins_Miley-Cyrus,Miley-Cyrus114_3587,baseball glove,0.48,0.2754864692687988
pins_Miley-Cyrus,Miley-Cyrus111_3585,toothbrush,0.333,0.2262742519378662
pins_Miley-Cyrus,Miley-Cyrus109_3583,cell phone,0.2838,0.2587461471557617
pins_Miley-Cyrus,Miley-Cyrus150_3633,tie,0.4891,0.2579894065856933
pins_Alex-Lawther,Alex-Lawther216_80,tie,0.3336,0.2573256492614746
pins_Alex-Lawther,Alex-Lawther218_82,cat,0.4728,0.2667779922485351
pins_Alex-Lawther,Alex-Lawther218_82,dog,0.2564,0.2667779922485351
pins_Alex-Lawther,Alex-Lawther209_75,cat,0.3613,0.2564194202423095
pins_Alex-Lawther,Alex-Lawther79_140,cat,0.2774,0.3886258602142334
pins_Alex-Lawther,Alex-Lawther11_10,toothbrush,0.3065,0.2494616508483886
pins_Alex-Lawther,Alex-Lawther16_46,tie,0.4217,0.2592146396636963
pins_Alex-Lawther,Alex-Lawther73_135,tennis racket,0.2761,0.2635490894317627
pins_Alex-Lawther,Alex-Lawther52_123,cat,0.4226,0.2502791881561279
pins_Alex-Lawther,Alex-Lawther188_66,cat,0.445,0.273590087890625
pins_Alex-Lawther,Alex-Lawther10_1,tie,0.4114,0.2510495185852051
pins_Alex-Lawther,Alex-Lawther93_146,cat,0.5799,0.2681679725646972
pins_Alex-Lawther,Alex-Lawther200_72,tie,0.2961,0.2528352737426758
pins_Alex-Lawther,Alex-Lawther47_117,tie,0.4846,0.2669267654418945
pins_Alex-Lawther,Alex-Lawther199_71,donut,0.7307,0.2514927387237549
pins_amber-heard,amber-heard54_384,tie,0.5137,0.255744457244873
pins_amber-heard,amber-heard238_343,tie,0.7108,0.2577204704284668
pins_amber-heard,amber-heard238_343,toothbrush,0.3391,0.2577204704284668
pins_amber-heard,amber-heard44_372,toothbrush,0.3389,0.2547528743743896
pins_amber-heard,amber-heard89_417,toothbrush,0.3284,0.2665779590606689
pins_amber-heard,amber-heard94_423,tie,0.7291,0.2550923824310303
pins_amber-heard,amber-heard208_317,toothbrush,0.2955,0.2880067825317383
pins_amber-heard,amber-heard99_428,potted plant,0.476,0.3084197044372558
pins_amber-heard,amber-heard181_289,toothbrush,0.3638,0.2508199214935303
pins_amber-heard,amber-heard210_320,tie,0.5329,0.2480449676513672
pins_amber-heard,amber-heard210_320,tie,0.4165,0.2480449676513672
pins_amber-heard,amber-heard8_408,tie,0.5208,0.2552022933959961
pins_amber-heard,amber-heard240_346,hot dog,0.4383,0.2516062259674072
pins_amber-heard,amber-heard48_376,toothbrush,0.2896,0.2496683597564697
pins_amber-heard,amber-heard135_250,toothbrush,0.3133,0.255793809890747
pins_amber-heard,amber-heard217_326,tie,0.3153,0.2523715496063232
pins_amber-heard,amber-heard0_211,wine glass,0.262,0.2265906333923339
pins_amber-heard,amber-heard13_244,toothbrush,0.2966,0.2506999969482422
pins_Brie-Larson,Brie-Larson68_1083,donut,0.2971,0.2486422061920166
pins_Brie-Larson,Brie-Larson12_959,wine glass,0.4728,0.2517492771148681
pins_Brie-Larson,Brie-Larson204_1034,tie,0.6083,0.2769026756286621
pins_Brie-Larson,Brie-Larson40_1058,cat,0.3571,0.2497205734252929
pins_Brie-Larson,Brie-Larson178_1014,bottle,0.403,0.252389907836914
pins_Brie-Larson,Brie-Larson178_1014,bottle,0.3735,0.252389907836914
pins_Brie-Larson,Brie-Larson171_1006,toothbrush,0.6561,0.3858761787414551
pins_Brie-Larson,Brie-Larson110_950,tie,0.2956,0.2566533088684082
pins_Keanu-Reeves,Keanu-Reeves139_1986,cat,0.6103,0.2679657936096191
pins_Keanu-Reeves,Keanu-Reeves110_1958,toothbrush,0.3873,0.2529280185699463
pins_Keanu-Reeves,Keanu-Reeves123_1968,cake,0.2502,0.2896015644073486
pins_Keanu-Reeves,Keanu-Reeves24_2056,cat,0.6479,0.2503571510314941
pins_Keanu-Reeves,Keanu-Reeves175_2017,cat,0.5249,0.2511947154998779
pins_Keanu-Reeves,Keanu-Reeves22_2045,cat,0.2715,0.2613589763641357
pins_Keanu-Reeves,Keanu-Reeves241_2058,dog,0.3074,0.2513408660888672
pins_alycia-dabnem-carey,alycia-dabnem-carey183_77,teddy bear,0.4855,0.2565886974334717
pins_alycia-dabnem-carey,alycia-dabnem-carey221_117,car,0.42,0.2528266906738281
pins_alycia-dabnem-carey,alycia-dabnem-carey203_95,banana,0.81,0.2545926570892334
pins_alycia-dabnem-carey,alycia-dabnem-carey173_67,toothbrush,0.454,0.2555532455444336
pins_Dwayne-Johnson,Dwayne-Johnson21_1630,wine glass,0.7164,0.1914403438568115
pins_Dwayne-Johnson,Dwayne-Johnson215_1635,tie,0.3389,0.2494254112243652
pins_Dwayne-Johnson,Dwayne-Johnson12_1576,bottle,0.3648,0.2660109996795654
pins_Dwayne-Johnson,Dwayne-Johnson194_1619,dog,0.6597,0.2587301731109619
pins_Dwayne-Johnson,Dwayne-Johnson43_1668,clock,0.368,0.2541239261627197
pins_Dwayne-Johnson,Dwayne-Johnson105_1564,toothbrush,0.3304,0.258237361907959
pins_Dwayne-Johnson,Dwayne-Johnson23_1646,bed,0.2654,0.2693984508514404
pins_Dwayne-Johnson,Dwayne-Johnson98_1698,dog,0.2586,0.2648849487304687
pins_Dwayne-Johnson,Dwayne-Johnson30_1659,tie,0.2548,0.2558150291442871
pins_Dwayne-Johnson,Dwayne-Johnson138_1589,tie,0.269,0.2492377758026123
pins_Johnny-Depp,Johnny-Depp102_1765,cat,0.4671,0.2564558982849121
pins_Johnny-Depp,Johnny-Depp180_1826,cat,0.3167,0.2591192722320556
pins_Johnny-Depp,Johnny-Depp247_1879,cat,0.5293,0.2491734027862548
pins_Johnny-Depp,Johnny-Depp140_1799,cat,0.2884,0.2527720928192138
pins_Johnny-Depp,Johnny-Depp50_1898,cat,0.2611,0.262709379196167
pins_Johnny-Depp,Johnny-Depp134_1794,cat,0.532,0.2493772506713867
pins_Johnny-Depp,Johnny-Depp142_1800,cat,0.2828,0.2636845111846924
pins_Johnny-Depp,Johnny-Depp227_1859,hot dog,0.3895,0.2626769542694092
pins_Johnny-Depp,Johnny-Depp227_1859,hot dog,0.3373,0.2626769542694092
pins_Johnny-Depp,Johnny-Depp115_1779,toothbrush,0.3367,0.2475504875183105
pins_Johnny-Depp,Johnny-Depp93_1946,cat,0.5271,0.2497763633728027
pins_Johnny-Depp,Johnny-Depp22_1854,cat,0.2579,0.2553763389587402
pins_Johnny-Depp,Johnny-Depp99_1948,dog,0.3549,0.253075361251831
pins_Johnny-Depp,Johnny-Depp154_1808,cat,0.3371,0.2492086887359619
pins_Johnny-Depp,Johnny-Depp102_1766,cat,0.5108,0.2558884620666504
pins_Selena-Gomez,Selena-Gomez116_4331,toothbrush,0.4369,0.2673432826995849
pins_Selena-Gomez,Selena-Gomez116_4331,toothbrush,0.2958,0.2673432826995849
pins_Selena-Gomez,Selena-Gomez7_4475,tie,0.5179,0.2520129680633545
pins_Selena-Gomez,Selena-Gomez134_4349,dog,0.4751,0.2465260028839111
pins_Selena-Gomez,Selena-Gomez52_4463,scissors,0.4376,0.2500574588775635
pins_Selena-Gomez,Selena-Gomez154_4362,cat,0.3122,0.2686419486999511
pins_Selena-Gomez,Selena-Gomez148_4357,dog,0.3563,0.2558860778808594
pins_Selena-Gomez,Selena-Gomez148_4357,cat,0.2771,0.2558860778808594
pins_Selena-Gomez,Selena-Gomez228_4424,cat,0.268,0.256704568862915
pins_Selena-Gomez,Selena-Gomez13_4346,teddy bear,0.2528,0.2731142044067383
pins_Selena-Gomez,Selena-Gomez37_4452,teddy bear,0.2622,0.2596244812011719
pins_Selena-Gomez,Selena-Gomez101_4321,cat,0.2727,0.2518150806427002
pins_Selena-Gomez,Selena-Gomez84_4487,toothbrush,0.595,0.2609109878540039
pins_Jeremy-Renner,Jeremy-Renner225_2665,cat,0.3882,0.2479529380798339
pins_Jeremy-Renner,Jeremy-Renner145_2615,toothbrush,0.3884,0.2540793418884277
pins_Jeremy-Renner,Jeremy-Renner112_2599,cat,0.5036,0.2542240619659424
pins_Jeremy-Renner,Jeremy-Renner249_2682,cat,0.6552,0.2553558349609375
pins_Jeremy-Renner,Jeremy-Renner52_2706,remote,0.3,0.255650520324707
pins_Jeremy-Renner,Jeremy-Renner87_2745,cake,0.3049,0.248300552368164
pins_Jeremy-Renner,Jeremy-Renner225_2667,tie,0.4153,0.2491092681884765
pins_Jeremy-Renner,Jeremy-Renner32_2692,cat,0.2796,0.2591707706451416
pins_Jeremy-Renner,Jeremy-Renner32_2689,cat,0.7134,0.2524170875549316
pins_Jeremy-Renner,Jeremy-Renner129_2609,car,0.5964,0.2591361999511719
pins_Jeremy-Renner,Jeremy-Renner162_2625,bottle,0.2508,0.2470104694366455
pins_Jeremy-Renner,Jeremy-Renner222_2661,cat,0.7187,0.2348353862762451
pins_Jeremy-Renner,Jeremy-Renner192_2644,tie,0.5366,0.3176429271697998
pins_Morgan-Freeman,Morgan-Freeman126_3045,cat,0.3225,0.2522981166839599
pins_Morgan-Freeman,Morgan-Freeman19_3073,dog,0.6428,0.2526662349700928
pins_Morgan-Freeman,Morgan-Freeman186_3071,tie,0.2758,0.2507998943328857
pins_Morgan-Freeman,Morgan-Freeman58_3120,cat,0.3644,0.2544174194335937
pins_Morgan-Freeman,Morgan-Freeman10_3028,cat,0.3276,0.2518134117126465
pins_Morgan-Freeman,Morgan-Freeman179_3068,car,0.289,0.2608897686004638
pins_Morgan-Freeman,Morgan-Freeman209_3086,sports ball,0.7233,0.2520120143890381
pins_Morgan-Freeman,Morgan-Freeman168_3063,dog,0.4549,0.2520606517791748
pins_Morgan-Freeman,Morgan-Freeman57_3118,dog,0.7852,0.2538084983825683
pins_Zac-Efron,Zac-Efron89_1777,cell phone,0.3582,0.2715191841125488
pins_Zac-Efron,Zac-Efron14_1634,orange,0.4514,0.254875898361206
pins_Zac-Efron,Zac-Efron195_1678,cat,0.5781,0.259880781173706
pins_Zac-Efron,Zac-Efron151_1644,tie,0.3519,0.2490813732147216
pins_Zac-Efron,Zac-Efron115_1615,cat,0.3681,0.2531898021697998
pins_Zac-Efron,Zac-Efron156_1649,tie,0.3666,0.251239538192749
pins_Zac-Efron,Zac-Efron177_1666,tie,0.3292,0.2595837116241455
pins_Zac-Efron,Zac-Efron170_1661,tie,0.2833,0.2528138160705566
pins_ellen-page,ellen-page214_1429,tie,0.3971,0.2506110668182373
pins_ellen-page,ellen-page0_1333,tie,0.2637,0.251488447189331
pins_ellen-page,ellen-page145_1373,cat,0.5068,0.2539582252502441
pins_ellen-page,ellen-page58_1488,tie,0.3594,0.2360706329345703
pins_ellen-page,ellen-page227_1438,toothbrush,0.2513,0.2538998126983642
pins_ellen-page,ellen-page39_1472,tie,0.5174,0.2452912330627441
pins_ellen-page,ellen-page29_1461,toothbrush,0.296,0.2547268867492676
pins_elizabeth-olsen,elizabeth-olsen168_1177,toothbrush,0.5204,0.2553162574768066
pins_elizabeth-olsen,elizabeth-olsen23_1237,toothbrush,0.351,0.2574601173400879
pins_elizabeth-olsen,elizabeth-olsen153_1163,pizza,0.421,0.2556371688842773
pins_elizabeth-olsen,elizabeth-olsen153_1163,pizza,0.3013,0.2556371688842773
pins_elizabeth-olsen,elizabeth-olsen147_1156,donut,0.2585,0.2513391971588135
pins_elizabeth-olsen,elizabeth-olsen166_1175,cell phone,0.2602,0.2650866508483886
pins_elizabeth-olsen,elizabeth-olsen192_1200,toothbrush,0.3066,0.2490558624267578
pins_elizabeth-olsen,elizabeth-olsen35_1269,banana,0.2578,0.2214217185974121
pins_elizabeth-olsen,elizabeth-olsen158_1166,donut,0.4975,0.2518036365509033
pins_elizabeth-olsen,elizabeth-olsen90_1324,tie,0.4144,0.2140929698944091
pins_elizabeth-olsen,elizabeth-olsen90_1324,tie,0.27,0.2140929698944091
pins_Hugh-Jackman,Hugh-Jackman128_1293,wine glass,0.4882,0.2603664398193359
pins_Hugh-Jackman,Hugh-Jackman119_1289,dog,0.3253,0.2378196716308593
pins_Hugh-Jackman,Hugh-Jackman99_1452,cat,0.3787,0.2524211406707763
pins_Hugh-Jackman,Hugh-Jackman29_1401,dog,0.2958,0.2522752285003662
pins_Hugh-Jackman,Hugh-Jackman182_1328,train,0.3675,0.2546179294586181
pins_Hugh-Jackman,Hugh-Jackman143_1302,tie,0.6945,0.2479069232940673
pins_Hugh-Jackman,Hugh-Jackman156_1312,tie,0.2548,0.2539370059967041
pins_Hugh-Jackman,Hugh-Jackman23_1383,tie,0.5278,0.2497344017028808
pins_Hugh-Jackman,Hugh-Jackman153_1309,dog,0.3178,0.2712800502777099
pins_Hugh-Jackman,Hugh-Jackman185_1329,dog,0.3663,0.2638728618621826
pins_Hugh-Jackman,Hugh-Jackman79_1440,car,0.4265,0.2500598430633545
pins_Ursula-Corbero,Ursula-Corbero195_74,cat,0.2893,0.2443611621856689
pins_Ursula-Corbero,Ursula-Corbero16_46,bird,0.7004,0.2496602535247802
pins_Ursula-Corbero,Ursula-Corbero16_46,bird,0.4273,0.2496602535247802
pins_Ursula-Corbero,Ursula-Corbero75_147,dog,0.5303,0.2516629695892334
pins_Ursula-Corbero,Ursula-Corbero11_9,cat,0.5668,0.2563734054565429
pins_Ursula-Corbero,Ursula-Corbero67_142,dog,0.3073,0.2551310062408447
pins_Ursula-Corbero,Ursula-Corbero221_89,cell phone,0.3347,0.2576351165771484
pins_Ursula-Corbero,Ursula-Corbero56_134,cat,0.2583,0.2484097480773925
pins_Ursula-Corbero,Ursula-Corbero127_24,donut,0.3138,0.2520482540130615
pins_Ursula-Corbero,Ursula-Corbero62_138,tie,0.3885,0.2534539699554443
pins_Ursula-Corbero,Ursula-Corbero27_113,scissors,0.3695,0.252082347869873
pins_Ursula-Corbero,Ursula-Corbero225_93,tie,0.5985,0.254448652267456
pins_Stephen-Amell,Stephen-Amell54_4217,cat,0.2707,0.2660005092620849
pins_Stephen-Amell,Stephen-Amell57_4219,cat,0.6084,0.2629985809326172
pins_Stephen-Amell,Stephen-Amell39_4203,bird,0.3335,0.2002558708190918
pins_Stephen-Amell,Stephen-Amell223_4172,vase,0.2596,0.4142768383026123
pins_Stephen-Amell,Stephen-Amell193_4154,dog,0.708,0.360774278640747
pins_Stephen-Amell,Stephen-Amell193_4154,cat,0.2781,0.360774278640747
pins_Stephen-Amell,Stephen-Amell235_4183,tie,0.3428,0.3775300979614258
pins_Stephen-Amell,Stephen-Amell36_4202,frisbee,0.5669,0.3724913597106933
pins_Stephen-Amell,Stephen-Amell3_4194,bird,0.3279,0.2054276466369629
pins_kiernen-shipka,kiernen-shipka187_2350,tie,0.3121,0.2674276828765869
pins_kiernen-shipka,kiernen-shipka114_2282,tie,0.538,0.2531702518463135
pins_kiernen-shipka,kiernen-shipka24_2392,tie,0.7044,0.2519075870513916
pins_kiernen-shipka,kiernen-shipka126_2294,donut,0.3145,0.2615046501159668
pins_kiernen-shipka,kiernen-shipka241_2394,tie,0.4207,0.4345955848693847
pins_kiernen-shipka,kiernen-shipka177_2342,tie,0.3904,0.2568264007568359
pins_Lindsey-Morgan,Lindsey-Morgan90_2272,cell phone,0.3913,0.245793342590332
pins_Lindsey-Morgan,Lindsey-Morgan244_2224,tie,0.3617,0.2560055255889892
pins_Lindsey-Morgan,Lindsey-Morgan27_2229,toothbrush,0.5939,0.2653052806854248
pins_Lindsey-Morgan,Lindsey-Morgan124_2134,bear,0.5566,0.2465410232543945
pins_Lindsey-Morgan,Lindsey-Morgan39_2237,tie,0.3523,0.2490277290344238
pins_Lindsey-Morgan,Lindsey-Morgan152_2157,dog,0.6228,0.2666771411895752
pins_Lindsey-Morgan,Lindsey-Morgan152_2157,bed,0.2678,0.2666771411895752
pins_Lindsey-Morgan,Lindsey-Morgan118_2128,toothbrush,0.3286,0.2547686100006103
pins_Mark-Zuckerberg,Mark-Zuckerberg239_2047,laptop,0.5319,0.2600834369659424
pins_Mark-Zuckerberg,Mark-Zuckerberg239_2047,tv,0.3896,0.2600834369659424
pins_Mark-Zuckerberg,Mark-Zuckerberg79_2078,cup,0.8854,0.2492382526397705
pins_Emilia-Clarke,Emilia-Clarke214_965,toothbrush,0.4223,0.2178490161895752
pins_Emilia-Clarke,Emilia-Clarke26_1001,tie,0.3313,0.2510013580322265
pins_Emilia-Clarke,Emilia-Clarke72_1045,tie,0.3553,0.2272441387176513
pins_Emilia-Clarke,Emilia-Clarke181_942,cup,0.6823,0.2606556415557861
pins_Emilia-Clarke,Emilia-Clarke244_995,bottle,0.4385,0.2618536949157715
pins_Emilia-Clarke,Emilia-Clarke173_929,tie,0.309,0.2491769790649414
pins_Emilia-Clarke,Emilia-Clarke138_895,toothbrush,0.4243,0.6179995536804199
pins_Alexandra-Daddario,Alexandra-Daddario9_430,cell phone,0.528,0.3590142726898193
pins_Alexandra-Daddario,Alexandra-Daddario51_390,tie,0.3285,0.3329758644104004
pins_Alexandra-Daddario,Alexandra-Daddario199_310,cell phone,0.2815,0.3664498329162597
pins_Alexandra-Daddario,Alexandra-Daddario115_232,tie,0.3249,0.3637721538543701
pins_Alexandra-Daddario,Alexandra-Daddario94_435,laptop,0.5933,0.328714370727539
pins_Alexandra-Daddario,Alexandra-Daddario27_363,tie,0.5377,0.3852698802947998
pins_Alexandra-Daddario,Alexandra-Daddario158_272,cat,0.408,0.3634805679321289
pins_Alexandra-Daddario,Alexandra-Daddario145_259,toothbrush,0.314,0.3800957202911377
pins_Alexandra-Daddario,Alexandra-Daddario6_399,car,0.3215,0.3592555522918701
pins_Alexandra-Daddario,Alexandra-Daddario6_399,car,0.2831,0.3592555522918701
pins_melissa-fumero,melissa-fumero64_3411,bottle,0.2755,0.394416332244873
pins_melissa-fumero,melissa-fumero177_3333,tie,0.2614,0.3770222663879394
pins_melissa-fumero,melissa-fumero14_3304,keyboard,0.2577,0.3870551586151123
pins_melissa-fumero,melissa-fumero109_3284,cat,0.2558,0.3631398677825928
pins_melissa-fumero,melissa-fumero92_3431,tie,0.3951,0.3684802055358886
pins_melissa-fumero,melissa-fumero23_3371,cat,0.518,1.0556719303131104
pins_Natalie-Portman,Natalie-Portman31_3547,cat,0.3988,0.3732907772064209
pins_Natalie-Portman,Natalie-Portman214_3519,banana,0.3054,0.4116628170013428
pins_Natalie-Portman,Natalie-Portman50_3565,toothbrush,0.3682,0.3760251998901367
pins_Natalie-Portman,Natalie-Portman109_3440,donut,0.6316,0.3667545318603515
pins_Natalie-Portman,Natalie-Portman0_3435,cat,0.3755,0.3519353866577148
pins_Natalie-Portman,Natalie-Portman106_3439,cat,0.2624,0.356166124343872
pins_Rihanna,Rihanna180_4004,toothbrush,0.3162,0.3550119400024414
pins_Rihanna,Rihanna232_4027,donut,0.7463,0.3388185501098633
pins_Rihanna,Rihanna4_4050,toothbrush,0.2644,0.3905184268951416
pins_Rihanna,Rihanna122_3964,cell phone,0.267,0.3616828918457031
pins_Rihanna,Rihanna18_4003,teddy bear,0.3746,0.3503777980804443
pins_Rihanna,Rihanna102_3953,toothbrush,0.5649,0.3642139434814453
pins_Rihanna,Rihanna102_3953,toothbrush,0.2556,0.3642139434814453
pins_Rihanna,Rihanna218_4018,tie,0.4372,0.3631823062896728
pins_Rihanna,Rihanna139_3973,mouse,0.3683,0.3584527969360351
pins_Rihanna,Rihanna34_4046,cat,0.2904,0.3685932159423828
pins_Rihanna,Rihanna80_4070,cat,0.2724,0.3709065914154053
pins_Rihanna,Rihanna135_3971,tie,0.3677,0.3021514415740967
pins_Penn-Badgley,Penn-Badgley90_2379,cat,0.5754,0.399099588394165
pins_Anne-Hathaway,Anne-Hathaway107_302,cat,0.2784,0.3614075183868408
pins_Anne-Hathaway,Anne-Hathaway102_297,dog,0.3834,0.361074686050415
pins_Anne-Hathaway,Anne-Hathaway30_435,toothbrush,0.371,0.363638162612915
pins_Anne-Hathaway,Anne-Hathaway159_347,tie,0.2951,0.3556907176971435
pins_Anne-Hathaway,Anne-Hathaway89_488,toothbrush,0.5222,0.374812364578247
pins_Anne-Hathaway,Anne-Hathaway75_474,bottle,0.6176,0.3787345886230469
pins_Anne-Hathaway,Anne-Hathaway13_322,dog,0.351,0.3796584606170654
pins_Anne-Hathaway,Anne-Hathaway41_446,tie,0.4827,0.366748571395874
pins_Anne-Hathaway,Anne-Hathaway79_478,toothbrush,0.3282,0.4160940647125244
pins_Jason-Momoa,Jason-Momoa200_2486,toothbrush,0.3319,0.3886904716491699
pins_Jason-Momoa,Jason-Momoa64_2553,dog,0.4123,0.3785221576690674
pins_Jason-Momoa,Jason-Momoa242_2516,dog,0.2507,0.3594913482666015
pins_Jason-Momoa,Jason-Momoa38_2532,dog,0.3412,0.3969855308532715
pins_Jason-Momoa,Jason-Momoa249_2522,cat,0.2801,0.373002290725708
pins_Jason-Momoa,Jason-Momoa179_2463,zebra,0.3628,0.3547427654266357
pins_Jason-Momoa,Jason-Momoa95_2584,cat,0.541,0.3594214916229248
pins_Jason-Momoa,Jason-Momoa213_2495,cat,0.3913,0.3717525005340576
pins_Jason-Momoa,Jason-Momoa66_2560,dog,0.2505,0.3648512363433838
pins_Jason-Momoa,Jason-Momoa171_2456,cat,0.3831,0.3616945743560791
pins_Brian-J.-Smith,Brian-J.-Smith18_645,frisbee,0.3838,0.3980193138122558
pins_Brian-J.-Smith,Brian-J.-Smith59_697,cat,0.532,0.7155957221984863
pins_Brian-J.-Smith,Brian-J.-Smith12_624,cat,0.4303,0.375767707824707
pins_Brian-J.-Smith,Brian-J.-Smith101_620,cat,0.3771,0.3681950569152832
pins_Brian-J.-Smith,Brian-J.-Smith90_718,sports ball,0.354,0.3987684249877929
pins_Logan-Lerman,Logan-Lerman29_2411,toothbrush,0.656,0.3614306449890136
pins_Logan-Lerman,Logan-Lerman29_2411,toothbrush,0.3571,0.3614306449890136
pins_Logan-Lerman,Logan-Lerman29_2411,toothbrush,0.2651,0.3614306449890136
pins_Logan-Lerman,Logan-Lerman160_2338,giraffe,0.3543,0.3483474254608154
pins_Logan-Lerman,Logan-Lerman160_2338,zebra,0.2902,0.3483474254608154
pins_Logan-Lerman,Logan-Lerman110_2293,cat,0.2695,0.3660869598388672
pins_Logan-Lerman,Logan-Lerman54_2444,cat,0.4907,0.3770248889923095
pins_Logan-Lerman,Logan-Lerman64_2453,cat,0.3277,0.370114803314209
pins_Logan-Lerman,Logan-Lerman128_2313,book,0.4526,0.3510522842407226
pins_Logan-Lerman,Logan-Lerman128_2313,book,0.32,0.3510522842407226
pins_Logan-Lerman,Logan-Lerman128_2313,book,0.3065,0.3510522842407226
pins_Logan-Lerman,Logan-Lerman128_2313,book,0.2936,0.3510522842407226
pins_Logan-Lerman,Logan-Lerman21_2382,teddy bear,0.2887,0.3554825782775879
pins_Logan-Lerman,Logan-Lerman80_2475,cat,0.2794,0.3530375957489013
pins_Logan-Lerman,Logan-Lerman80_2471,cat,0.2582,0.357867956161499
pins_Logan-Lerman,Logan-Lerman110_2292,bottle,0.2731,0.3532915115356445
pins_Logan-Lerman,Logan-Lerman49_2429,tie,0.307,0.3696985244750976
pins_Logan-Lerman,Logan-Lerman80_2472,toilet,0.3016,0.3891911506652832
pins_Logan-Lerman,Logan-Lerman34_2415,tie,0.6553,0.3626041412353515
pins_Logan-Lerman,Logan-Lerman110_2295,cat,0.3385,0.3682422637939453
pins_Logan-Lerman,Logan-Lerman192_2367,toothbrush,0.3948,0.4042792320251465
pins_Logan-Lerman,Logan-Lerman152_2329,tie,0.4509,0.364337682723999
pins_Logan-Lerman,Logan-Lerman190_2363,cat,0.3908,0.3616230487823486
pins_Logan-Lerman,Logan-Lerman190_2363,dog,0.3902,0.3616230487823486
pins_Logan-Lerman,Logan-Lerman80_2477,cat,0.2789,0.3625271320343017
pins_Chris-Hemsworth,Chris-Hemsworth107_390,cat,0.2886,0.3584713935852051
pins_Chris-Hemsworth,Chris-Hemsworth17_429,cat,0.3371,0.354283332824707
pins_Tom-Hiddleston,Tom-Hiddleston8_1576,tie,0.5482,0.3753390312194824
pins_Tom-Hiddleston,Tom-Hiddleston165_1476,tie,0.5598,0.3541092872619629
pins_Tom-Hiddleston,Tom-Hiddleston75_1575,cat,0.7923,0.3475019931793213
pins_Tom-Hiddleston,Tom-Hiddleston245_1528,dog,0.2647,0.3549518585205078
pins_Tom-Hiddleston,Tom-Hiddleston30_1537,dog,0.3078,0.3509750366210937
pins_Tom-Hiddleston,Tom-Hiddleston88_1586,vase,0.3257,0.3502767086029053
pins_Tom-Hiddleston,Tom-Hiddleston45_1548,dog,0.2974,0.4066524505615234
pins_Tom-Hiddleston,Tom-Hiddleston58_1555,dog,0.4844,0.3706960678100586
pins_Tom-Hiddleston,Tom-Hiddleston26_1533,vase,0.2988,0.3812460899353027
pins_Tom-Hiddleston,Tom-Hiddleston130_1442,tie,0.4508,0.3683362007141113
pins_Tom-Hiddleston,Tom-Hiddleston22_1514,banana,0.3032,0.3798625469207763
pins_Tom-Hiddleston,Tom-Hiddleston247_1529,cell phone,0.3415,0.3528707027435303
pins_Tom-Hiddleston,Tom-Hiddleston47_1549,tie,0.7747,0.3728823661804199
pins_Tom-Hiddleston,Tom-Hiddleston179_1484,tie,0.3197,0.3584647178649902
pins_Tom-Hiddleston,Tom-Hiddleston62_1559,frisbee,0.4687,0.3601670265197754
pins_Inbar-Lavi,Inbar-Lavi60_1557,remote,0.2568,0.3597538471221924
pins_Inbar-Lavi,Inbar-Lavi82_1572,bottle,0.3204,0.3595030307769775
pins_Inbar-Lavi,Inbar-Lavi132_1472,tennis racket,0.44,0.3609306812286377
pins_Elizabeth-Lail,Elizabeth-Lail151_1091,toothbrush,0.4157,0.3656301498413086
pins_Elizabeth-Lail,Elizabeth-Lail102_1055,cat,0.3081,0.3653218746185303
pins_Elizabeth-Lail,Elizabeth-Lail194_1117,cat,0.2851,0.3650937080383301
pins_tom-ellis,tom-ellis133_4280,cat,0.3889,0.3549008369445801
pins_tom-ellis,tom-ellis238_4365,tie,0.2666,0.3520545959472656
pins_tom-ellis,tom-ellis207_4337,cat,0.3818,0.3510019779205322
pins_tom-ellis,tom-ellis85_4413,cat,0.6534,0.3383238315582275
pins_tom-ellis,tom-ellis95_4425,tie,0.4537,0.3655714988708496
pins_tom-ellis,tom-ellis192_4325,cat,0.3308,0.3655712604522705
pins_tom-ellis,tom-ellis76_4406,cat,0.5909,0.3732626438140869
pins_Avril-Lavigne,Avril-Lavigne199_637,cat,0.4946,0.386894941329956
pins_Avril-Lavigne,Avril-Lavigne48_690,cell phone,0.3049,0.355165958404541
pins_Avril-Lavigne,Avril-Lavigne159_607,cell phone,0.4484,0.3660497665405273
pins_Avril-Lavigne,Avril-Lavigne182_626,tie,0.2528,0.3803226947784424
pins_Avril-Lavigne,Avril-Lavigne71_708,donut,0.2882,0.3817799091339111
pins_barack-obama,barack-obama45_716,tie,0.6822,0.4401838779449463
pins_barack-obama,barack-obama85_742,tie,0.4177,0.3902320861816406
pins_barack-obama,barack-obama200_681,tie,0.3699,0.3616001605987549
pins_barack-obama,barack-obama5_720,cat,0.6731,0.3718466758728027
pins_barack-obama,barack-obama5_720,tie,0.275,0.3718466758728027
pins_barack-obama,barack-obama75_736,tie,0.6116,0.4107162952423095
pins_barack-obama,barack-obama56_724,tie,0.4997,0.38295578956604
pins_barack-obama,barack-obama148_656,tie,0.3594,0.3646943569183349
pins_barack-obama,barack-obama238_697,tie,0.2582,0.3502540588378906
pins_barack-obama,barack-obama182_672,cat,0.5925,0.3722596168518066
pins_Katharine-Mcphee,Katharine-Mcphee84_1680,tie,0.2878,0.3049955368041992
pins_Katharine-Mcphee,Katharine-Mcphee176_1583,dog,0.3974,0.3853156566619873
pins_Katharine-Mcphee,Katharine-Mcphee86_1681,cell phone,0.7128,0.381601333618164
pins_Katharine-Mcphee,Katharine-Mcphee122_1536,clock,0.4371,0.3682088851928711
pins_Katharine-Mcphee,Katharine-Mcphee197_1600,cat,0.3608,0.3934848308563232
pins_elon-musk,elon-musk21_1588,tie,0.3166,0.383704662322998
pins_elon-musk,elon-musk59_1638,tie,0.3575,0.3726110458374023
pins_elon-musk,elon-musk79_1651,cat,0.3739,0.3762035369873047
pins_Chris-Pratt,Chris-Pratt154_774,cat,0.7385,0.3630120754241943
pins_Chris-Pratt,Chris-Pratt16_777,donut,0.6467,0.3624529838562011
pins_Chris-Pratt,Chris-Pratt15_769,tie,0.2975,0.3822250366210937
pins_Chris-Pratt,Chris-Pratt241_830,cat,0.4954,0.3805789947509765
pins_Chris-Pratt,Chris-Pratt160_778,cat,0.6025,0.3822774887084961
pins_Chris-Pratt,Chris-Pratt110_738,cat,0.3157,0.3682668209075928
pins_Chris-Pratt,Chris-Pratt9_894,tie,0.7929,0.361673355102539
pins_Chris-Pratt,Chris-Pratt91_895,clock,0.5182,0.3940613269805908
pins_Chris-Pratt,Chris-Pratt182_792,train,0.329,0.3830037117004394
pins_Chris-Pratt,Chris-Pratt148_767,donut,0.2979,0.3635737895965576
pins_Chris-Pratt,Chris-Pratt155_775,cat,0.3005,0.3736276626586914
pins_Josh-Radnor,Josh-Radnor43_2231,cat,0.3562,0.4177424907684326
pins_Josh-Radnor,Josh-Radnor239_2220,hot dog,0.2604,0.4091205596923828
pins_Josh-Radnor,Josh-Radnor68_2251,tie,0.2865,0.3608028888702392
pins_Josh-Radnor,Josh-Radnor68_2251,tie,0.2864,0.3608028888702392
pins_Josh-Radnor,Josh-Radnor118_2157,cat,0.3426,0.3622345924377441
pins_Josh-Radnor,Josh-Radnor237_2219,donut,0.4478,0.3956015110015869
pins_Danielle-Panabaker,Danielle-Panabaker135_1408,toothbrush,0.3105,0.3604011535644531
pins_Danielle-Panabaker,Danielle-Panabaker20_1461,cat,0.5896,0.3727390766143799
pins_Danielle-Panabaker,Danielle-Panabaker152_1422,toothbrush,0.3696,0.3723268508911133
pins_Danielle-Panabaker,Danielle-Panabaker105_1383,toothbrush,0.2675,0.3542134761810303
pins_Danielle-Panabaker,Danielle-Panabaker170_1440,tie,0.2591,0.375429630279541
pins_Danielle-Panabaker,Danielle-Panabaker150_1420,cat,0.4667,0.3718688488006592
pins_Danielle-Panabaker,Danielle-Panabaker150_1420,dog,0.3449,0.3718688488006592
pins_camila-mendes,camila-mendes57_1084,toothbrush,0.5052,0.3627424240112304
pins_camila-mendes,camila-mendes57_1084,toothbrush,0.2984,0.3627424240112304
pins_camila-mendes,camila-mendes37_1069,cell phone,0.8266,0.3871715068817138
pins_camila-mendes,camila-mendes6_1087,wine glass,0.5008,0.3780491352081299
pins_camila-mendes,camila-mendes6_1087,wine glass,0.2862,0.3780491352081299
pins_camila-mendes,camila-mendes16_989,cat,0.5572,0.3580574989318847
pins_camila-mendes,camila-mendes187_1010,teddy bear,0.3774,0.3630285263061523
pins_camila-mendes,camila-mendes107_957,tie,0.2926,0.5843124389648438
pins_camila-mendes,camila-mendes68_1093,orange,0.4499,0.3861744403839111
pins_camila-mendes,camila-mendes103_953,toothbrush,0.5149,0.35408616065979
pins_camila-mendes,camila-mendes103_953,toothbrush,0.2694,0.35408616065979
pins_camila-mendes,camila-mendes70_1095,cell phone,0.7708,0.380275011062622
pins_camila-mendes,camila-mendes28_1060,cell phone,0.3618,0.3671042919158935
pins_Andy-Samberg,Andy-Samberg207_523,tie,0.3839,0.3812272548675537
pins_Andy-Samberg,Andy-Samberg6_589,cat,0.5366,0.3763771057128906
pins_Andy-Samberg,Andy-Samberg130_467,tie,0.3689,0.3805592060089111
pins_Andy-Samberg,Andy-Samberg23_541,toothbrush,0.3131,0.3757433891296386
pins_Andy-Samberg,Andy-Samberg24_546,bottle,0.2993,0.3697018623352051
pins_Andy-Samberg,Andy-Samberg116_451,cell phone,0.2713,0.3695142269134521
pins_Andy-Samberg,Andy-Samberg183_509,tie,0.5073,0.3741803169250488
pins_Andy-Samberg,Andy-Samberg9_615,toothbrush,0.3469,0.3710346221923828
pins_Andy-Samberg,Andy-Samberg9_615,toothbrush,0.2865,0.3710346221923828
pins_Andy-Samberg,Andy-Samberg9_615,toothbrush,0.255,0.3710346221923828
pins_Andy-Samberg,Andy-Samberg232_544,chair,0.6408,0.3818600177764892
pins_Andy-Samberg,Andy-Samberg155_490,tie,0.3984,0.3559930324554443
pins_Henry-Cavil,Henry-Cavil157_1132,cat,0.5288,0.3877761363983154
pins_Henry-Cavil,Henry-Cavil47_1230,cat,0.6594,0.35829758644104
pins_Henry-Cavil,Henry-Cavil47_1230,cat,0.5294,0.35829758644104
pins_Henry-Cavil,Henry-Cavil74_1254,bottle,0.6493,0.3705084323883056
pins_Henry-Cavil,Henry-Cavil45_1226,teddy bear,0.5699,0.3337409496307373
pins_Henry-Cavil,Henry-Cavil1_1073,tie,0.3018,0.3907449245452881
pins_Henry-Cavil,Henry-Cavil177_1147,cat,0.2869,0.3756382465362549
pins_Henry-Cavil,Henry-Cavil15_1124,cat,0.4099,0.3653976917266845
pins_Henry-Cavil,Henry-Cavil47_1229,cat,0.411,0.3737785816192627
pins_Henry-Cavil,Henry-Cavil198_1169,cat,0.734,0.373126745223999
pins_Henry-Cavil,Henry-Cavil48_1231,cat,0.3621,0.3827214241027832
pins_Henry-Cavil,Henry-Cavil47_1228,cat,0.3466,0.3694522380828857
pins_Henry-Cavil,Henry-Cavil151_1126,cat,0.2699,0.3704369068145752
pins_Henry-Cavil,Henry-Cavil198_1167,cat,0.3999,0.3685622215270996
pins_Henry-Cavil,Henry-Cavil198_1166,cat,0.6827,0.366767406463623
pins_Henry-Cavil,Henry-Cavil8_1259,cell phone,0.3489,0.3670432567596435
pins_Henry-Cavil,Henry-Cavil240_1196,dog,0.6278,0.4002058506011963
pins_Henry-Cavil,Henry-Cavil240_1197,dog,0.331,0.3593015670776367
pins_Henry-Cavil,Henry-Cavil149_1123,cat,0.2838,0.3317794799804687
pins_Henry-Cavil,Henry-Cavil18_1149,fire hydrant,0.4562,0.3875601291656494
pins_Henry-Cavil,Henry-Cavil129_1103,cat,0.5402,0.382925271987915
pins_Henry-Cavil,Henry-Cavil198_1168,cat,0.6479,0.3591225147247314
pins_Henry-Cavil,Henry-Cavil247_1203,dog,0.3055,0.3620729446411133
pins_Henry-Cavil,Henry-Cavil134_1111,cat,0.28,0.2728407382965088
